ticker,quarter_end,fiscal_quarter_label,market_cap,revenue_ttm_lag1,ebitda_ttm_lag1,net_income_ttm_lag1,free_cash_flow_ttm_lag1,gross_margin_lag1,operating_margin_lag1,ebitda_margin_lag1,net_margin_lag1,revenue_growth_yoy_lag1,ebitda_growth_yoy_lag1,net_income_growth_yoy_lag1,roe_lag1,rd_to_revenue_lag1,capex_to_revenue_lag1,debt_to_ebitda_lag1,ticker_AMD,ticker_AVGO,ticker_INTC,ticker_MRVL,ticker_MU,ticker_NVDA,ticker_NXPI,ticker_QCOM,ticker_TXN,market_cap_pt
ADI,2022-01-29,2022Q1,77183610664.46484,,,,,,,,,,,,,,,,False,False,False,False,False,False,False,False,False,-0.3955770097522022
ADI,2022-04-30,2022Q2,75192603483.54199,8444121000.0,3036189000.0,1281980000.0,2776120000.0,0.5781108536933566,0.1886635684164165,0.3595624695572221,0.1518192361288996,0.7224031703132199,0.4049139147912022,-0.2791163366527763,0.051355760654426,0.1699118238594638,0.0458805599777644,0.0,False,False,False,False,False,False,False,False,False,-0.42880980617185055
ADI,2022-07-30,2022Q3,86078962483.11035,9754778000.0,3812599000.0,1642348000.0,3201956000.0,0.5832547906267063,0.2041634366256208,0.3908442611405405,0.1683634419973473,0.7888837593678129,1.08156638439132,0.8521251817784137,0.0526462776570501,0.1592469864511524,0.0458267733002227,0.0,False,False,False,False,False,False,False,False,False,-0.26030459314896265
ADI,2022-10-29,2022Q4,70013841594.93164,11105805000.0,4479077000.0,1888022000.0,3741217000.0,0.5863131038227305,0.2048684449258743,0.4033095304662741,0.1700031650114512,0.7681295708055194,0.8271040969375663,0.488115697848845,0.0506313875667079,0.1511489711911923,0.0473241696572198,0.0,False,False,False,False,False,False,False,False,False,-0.5212136331002218
ADI,2023-01-28,2023Q1,81636536749.41211,12013953000.0,5576199000.0,2748561000.0,3776094000.0,0.6269771489866824,0.2729076765990345,0.4641435670673924,0.228780735200146,0.3881690978847376,1.8982400409711264,11.369706818872462,0.0744711029812923,0.1415452515920446,0.0582079853317222,1.1743886830437722,False,False,False,False,False,False,False,False,False,-0.32533278281934325
ADI,2023-04-29,2023Q2,86273267922.86133,12579290000.0,6359950000.0,3429958000.0,4260961000.0,0.6562228869832876,0.3215414383482692,0.50558894818388,0.2726670583156919,0.2106092740248548,0.8386247320951843,2.432891669076718,0.0935006309086844,0.1341755377290769,0.0607612194328932,1.0042662285080857,False,False,False,False,False,False,False,False,False,-0.2575658202438622
ADI,2023-07-29,2023Q3,94782811372.5,12870156000.0,6575863000.0,3624341000.0,3955176000.0,0.6569340729047884,0.3306087354341315,0.5109388728466073,0.2816081638792879,0.0978666677433595,0.1444942570504468,0.2481676248255717,0.0995365675376141,0.1307432481781883,0.0722518048732276,0.9467260799076866,False,False,False,False,False,False,False,False,False,-0.14532534028934013
ADI,2023-10-28,2023Q4,76589846532.22656,12836771000.0,6620773000.0,3752375000.0,3690094000.0,0.6522915303233189,0.334287571227998,0.5157662312430439,0.2923145548050985,-0.0107351409057584,0.0305038121274898,0.1709433433246325,0.1035753825975056,0.1304539903376012,0.0848797567550282,0.9159049857169246,False,False,False,False,False,False,False,False,False,-0.4053636543773849
ADI,2024-02-03,2024Q1,91609496118.30373,12305539000.0,6116215000.0,3314579000.0,3556171000.0,0.640135958286752,0.3106822057936674,0.4970294271547146,0.2693566693827877,-0.1635709526325577,-0.3012124721656747,-0.4676178614992534,0.0920629587583954,0.1349143666116535,0.1025118038307789,0.9650506072791752,False,False,False,False,False,False,False,False,False,-0.1855044979563819
ADI,2024-05-04,2024Q2,95656352142.45604,11568613000.0,5509112000.0,2815832000.0,3241878000.0,0.624691827793012,0.2833750251650738,0.4762119711325809,0.2434027311657845,-0.2267722786901893,-0.3533123670938674,-0.5187316557702029,0.0787479200628762,0.1415490344434549,0.1130890107569507,1.079424959957249,False,False,False,False,False,False,False,False,False,-0.1345876143709662
ADI,2024-08-03,2024Q3,100106523396.73537,10464722000.0,4713352000.0,2140418000.0,3064299000.0,0.5984207702794208,0.242337541312612,0.4504039381074814,0.2045365371387792,-0.3383128047491058,-0.4653077453835269,-0.6908503604539837,0.06018084608289,0.1506618140453229,0.1158305017562817,1.4027556185067442,False,False,False,False,False,False,False,False,False,-0.08190123693464642
ADI,2024-11-02,2024Q4,109027689795.46582,9700436000.0,4217793000.0,1655631000.0,2947560000.0,0.5785235838883943,0.2162604856111622,0.4348044768297012,0.1706759366280031,-0.2484275124776734,-0.3266305691131932,-0.5527668157702399,0.0467850659050304,0.1562356578611518,0.1073607413110091,1.5780108222475593,False,False,False,False,False,False,False,False,False,0.014635168289557202
ADI,2025-02-01,2025Q1,102818343920.6748,9427157000.0,4137114000.0,1635273000.0,3122066000.0,0.5708341337690674,0.2156321359663364,0.4388506524289348,0.1734640676929428,-0.1006002612200182,-0.0689250699681853,-0.0408442509479766,0.046337061800374,0.1578273280056755,0.0774849724047239,1.6036089409187178,False,False,False,False,False,False,False,False,False,-0.051345107677802496
ADI,2025-05-03,2025Q2,96750707936.03516,9337627000.0,4032815000.0,1563862000.0,3184043000.0,0.571633992233787,0.2075631206943691,0.431888637230851,0.1674795962614484,-0.0356309378263416,-0.0938603240597004,-0.1543264170882615,0.044463977339567,0.160568418507186,0.070302979547159,1.6411752088801494,False,False,False,False,False,False,False,False,False,-0.1213238662662227
ADI,2025-08-02,2025Q3,108565797518.9209,9818656000.0,4296946000.0,1831390000.0,3293589000.0,0.587583473746305,0.2271154015376442,0.4376307714620005,0.1865214546675227,0.2227977354739772,0.2888508562804839,0.8851450162452603,0.0521586769087892,0.1615600953939113,0.0568857896640843,1.5472423902930128,False,False,False,False,False,False,False,False,False,0.009906254139412849
ADI,2025-11-01,2025Q4,114105346089.97923,10386795000.0,4580640000.0,1957676000.0,3678400000.0,0.6015126899106028,0.246146862434466,0.441006104385424,0.1884773888384241,0.2457126496782946,0.2776887040854481,0.3219676110057312,0.0561971993862583,0.1615400130646652,0.0465792383502321,1.777030720597995,False,False,False,False,False,False,False,False,False,0.06487281002416385
ADI,2026-01-31,2026Q1,151334003581.2116,11019707000.0,4931341000.0,2267342000.0,4278650000.0,0.614669518890112,0.2661137905027783,0.4475020070860323,0.2057533834611029,0.2590498955265727,0.3217874337181252,0.6477392526648706,0.0657282730525623,0.16025843518344,0.0484179842531203,1.651693930717831,False,False,False,False,False,False,False,False,False,0.35821298161598264
ADI,2026-05-02,2026Q2,193623559502.98196,11756796000.0,5411952000.0,2706852000.0,4560021000.0,0.6284153437722318,0.2924443870591954,0.4603254151896486,0.2302372176909423,0.3041832736732897,0.4773099245617311,1.12315877704975,0.0792059217549597,0.1556979469576575,0.0420086390884047,1.3378313407066431,False,False,False,False,False,False,False,False,False,0.5902309784377451
AMD,2022-03-26,2022Q1,194746168220.21484,,,,,,,,,,,,,,,,True,False,False,False,False,False,False,False,False,0.5954230746387853
AMD,2022-06-25,2022Q2,141609504550.78125,18876000000.0,5337000000.0,3393000000.0,3312000000.0,0.4852723034541216,0.208571731299004,0.2827399872854418,0.1797520661157025,0.7088534107402031,1.6935270805812417,0.4162162162162162,0.1761888071036336,0.1745602881966518,0.0162110616656071,0.3348323027918306,True,False,False,False,False,False,False,False,False,0.29195870161925497
AMD,2022-09-24,2022Q3,109709185722.0459,21576000000.0,7136000000.0,3130000000.0,3330000000.0,0.4800704486466444,0.1683351872450871,0.3307378568780126,0.1450685947348906,0.7012987012987013,1.9385775862068964,-0.3704225352112675,0.1000519439005873,0.182424916573971,0.0173340748980348,0.3891535874439462,True,False,False,False,False,False,False,False,False,0.021562455300684947
AMD,2022-12-31,2022Q4,104432547642.13477,22828000000.0,8192000000.0,2273000000.0,3408000000.0,0.4654809882600315,0.1147713334501489,0.3588575433677939,0.0995707026458734,0.2902851843264549,1.0105263157894735,-0.9284940411700976,0.0526947218342307,0.1949360434554056,0.0180480112142982,0.301025390625,True,False,False,False,False,False,False,False,False,-0.03367651075714245
AMD,2023-04-01,2023Q1,157932332637.8203,23601000000.0,4390000000.0,1320000000.0,3115000000.0,0.4492606245498072,0.0535570526672598,0.1860090674123977,0.0559298334816321,0.1601740571902197,-2.869433962264151,-0.9784394250513349,0.0240224937896393,0.2120672852845218,0.01906698868692,0.5619589977220957,True,False,False,False,False,False,False,False,False,0.39993136919335204
AMD,2023-07-01,2023Q2,183436120787.5547,23067000000.0,4011000000.0,395000000.0,2519000000.0,0.4397624311787402,0.007283131746651,0.173884770451294,0.0171240299995664,-0.0907083404110752,-0.1858754291319274,-1.1768447837150129,0.007209509251443,0.232193176399185,0.0232800104044739,0.6150585888805784,True,False,False,False,False,False,False,False,False,0.5411452932831954
AMD,2023-09-30,2023Q3,166123190552.05664,21876000000.0,2790000000.0,-25000000.0,1867000000.0,0.4369628816968367,-0.0172792100932528,0.1275370268787712,-0.0011428049003474,-0.1818320610687023,-0.4477447744774477,-0.9395973154362416,-0.000456366772848,0.2513713658804169,0.0242274638873651,0.8842293906810036,True,False,False,False,False,False,False,False,False,0.44850938568721355
AMD,2023-12-30,2023Q4,238140865633.2578,22111000000.0,2436000000.0,208000000.0,1322000000.0,0.4500927140337388,-0.0040703722129256,0.110171407896522,0.0094070824476504,0.0422282120395327,-0.1684911946692051,3.5303030303030303,0.0037895695741289,0.2590113518158383,0.0240151960562615,1.0127257799671592,True,False,False,False,False,False,False,False,False,0.7693158070737534
AMD,2024-03-30,2024Q1,291697123253.40234,22680000000.0,3843000000.0,854000000.0,1121000000.0,0.4611992945326278,0.0176807760141093,0.1694444444444444,0.0376543209876543,0.1016252902303982,-0.5680258377069035,30.761904761904763,0.0154785855400286,0.2589065255731922,0.024074074074074,0.6422066094197242,True,False,False,False,False,False,False,False,False,0.9319856257471948
AMD,2024-06-29,2024Q2,262181658547.0508,22800000000.0,3003000000.0,1116000000.0,1172000000.0,0.4675877192982456,0.0255263157894736,0.1317105263157894,0.0489473684210526,0.02241733607323,-0.5060240963855422,-1.8848920863309353,0.0200903706637383,0.2625438596491228,0.0232456140350877,0.8218448218448219,True,False,False,False,False,False,False,False,False,0.8479691290169369
AMD,2024-09-28,2024Q3,265997197878.41797,23276000000.0,2535000000.0,1354000000.0,1357000000.0,0.4761127341467606,0.0374205189895171,0.1089104657157587,0.0581715071318095,0.08882254151894,-0.3107569721115537,8.814814814814815,0.0242220413420513,0.2631895514693246,0.0240161539783467,0.6781065088757396,True,False,False,False,False,False,False,False,False,0.8595439941819982
AMD,2024-12-28,2024Q4,203159585858.89844,24295000000.0,2268000000.0,1826000000.0,1556000000.0,0.4838032516978802,0.0564313644782877,0.0933525416752418,0.0751594978390615,0.1756896551724138,-0.1528334287349743,1.5785953177257523,0.0323740210005629,0.2574603827948137,0.0233381354188104,0.7583774250440917,True,False,False,False,False,False,False,False,False,0.6330709031869444
AMD,2025-03-29,2025Q1,167265947578.125,25785000000.0,4971000000.0,1641000000.0,2405000000.0,0.4935039751793678,0.0736862516967229,0.1927865037812682,0.0636416521233275,0.2415693904020752,-2.5261682242990657,-0.2773613193403298,0.0288795322254926,0.2503781268179174,0.0246655031995346,0.3462080064373365,True,False,False,False,False,False,False,False,False,0.4550256893753365
AMD,2025-06-28,2025Q2,233173539245.34375,27750000000.0,5699000000.0,2227000000.0,2753000000.0,0.500936936936937,0.0962162162162162,0.2053693693693693,0.0802522522522522,0.3590352640233876,0.8878048780487804,4.764227642276423,0.0389043201788865,0.2399639639639639,0.0254414414414414,0.5644849973679593,True,False,False,False,False,False,False,False,False,0.7516979662711406
AMD,2025-09-27,2025Q3,258778665543.497,29600000000.0,5284000000.0,2834000000.0,4043000000.0,0.4762162162162162,0.0765878378378378,0.1785135135135135,0.0957432432432432,0.3170522707797771,-0.3998073217726396,2.290566037735849,0.0488412272349299,0.2354729729729729,0.0281756756756756,0.6090083270249811,True,False,False,False,False,False,False,False,False,0.8374491149471621
AMD,2025-12-27,2025Q4,350012659627.6993,32027000000.0,5828000000.0,3306000000.0,5448000000.0,0.4826240359696506,0.0878321416304992,0.1819714615792924,0.1032254035657414,0.355917289925209,0.3675675675675676,0.6121919584954605,0.0560567010309278,0.2333343741218347,0.0299747088394167,0.5525051475634866,True,False,False,False,False,False,False,False,False,1.0680361657546609
AMD,2026-03-28,2026Q1,329326695133.68427,34639000000.0,6744000000.0,4335000000.0,6735000000.0,0.4951644100580271,0.106642801466555,0.1946938422009873,0.1251479546176275,0.3410812222512405,0.5609308022045316,2.1348547717842323,0.0718503325253278,0.2335806460925546,0.0281185946476514,0.4777580071174377,True,False,False,False,False,False,False,False,False,1.0235820191579763
AVGO,2022-01-30,2022Q1,21342614858.057617,,,,,,,,,,,,,,,,False,True,False,False,False,False,False,False,False,-2.4809168663788044
AVGO,2022-05-01,2022Q2,21031296125.05298,28501000000.0,10327000000.0,7830000000.0,13707000000.0,0.6294866846777306,0.3434967194133539,0.3623381635732079,0.2747272025542963,0.1579263711495115,0.6425316455696202,0.7939042089985486,0.3255412695277989,0.1701343812497807,0.0150871899231605,4.4597433166233404,False,True,False,False,False,False,False,False,False,-2.5109819497518684
AVGO,2022-07-31,2022Q3,20316635500.22607,29994000000.0,11748000000.0,8927000000.0,14422000000.0,0.6442288457691538,0.373708074948323,0.3916783356671334,0.2976261919050477,0.2258698940998487,0.6740986717267552,0.7347622237106497,0.382997436529984,0.1624324864972994,0.0129692605187704,4.114245305256541,False,True,False,False,False,False,False,False,False,-2.5823683658158267
AVGO,2022-10-30,2022Q4,18094079712.158203,31680000000.0,13354000000.0,10125000000.0,15304000000.0,0.6567866161616162,0.4046717171717172,0.4215277777777778,0.3196022727272727,0.2487459427559752,0.7106194690265486,0.6385927505330491,0.451157972128463,0.1553661616161616,0.012310606060606,3.7900657826522735,False,True,False,False,False,False,False,False,False,-2.8283951958054407
AVGO,2023-01-29,2023Q1,23526108810.44214,33203000000.0,14754000000.0,11495000000.0,16312000000.0,0.6654519169954523,0.4284251423064181,0.4443574375809415,0.3462036562961178,0.2056163088969893,0.5156537753222836,0.6887883358471594,0.5253896430367019,0.1481492636207571,0.0127699304279733,3.5848531297900963,False,True,False,False,False,False,False,False,False,-2.28571870319987
AVGO,2023-04-30,2023Q2,25061370283.340454,34412000000.0,15740000000.0,12797000000.0,16860000000.0,0.6698244798326165,0.4422875741020574,0.4573985818900383,0.3718760897361385,0.1568907344926031,0.3039457459926018,0.5266990291262137,0.5826219581597578,0.1426246658142508,0.0123794025339997,3.505038608151696,False,True,False,False,False,False,False,False,False,-2.162762520271792
AVGO,2023-07-30,2023Q3,35817415708.14404,35042000000.0,16348000000.0,13688000000.0,17082000000.0,0.6770732264140175,0.4518577706751898,0.4665258832258432,0.3906169739170139,0.0777489818585708,0.1722867667894587,0.3440154440154439,0.6158691592990034,0.1415158952114605,0.0132127161691684,3.514050177862265,False,True,False,False,False,False,False,False,False,-1.5199226356773163
AVGO,2023-10-29,2023Q4,33557933225.06543,35454000000.0,16460000000.0,13917000000.0,17371000000.0,0.6828284537710837,0.449963332769222,0.4642635527726068,0.3925368082585886,0.0486767485822305,0.0289705121572685,0.0744957709824332,0.6178125520226403,0.1427765555367518,0.0132284086421842,3.628558743807832,False,True,False,False,False,False,False,False,False,-1.6309482537925097
AVGO,2024-02-04,2024Q1,55842446387.73389,35819000000.0,16709000000.0,14082000000.0,17633000000.0,0.6892989754041151,0.452469359836958,0.466484268125855,0.3931433038331611,0.0408734602463605,0.0605103280680436,0.0491217624292943,0.616387989144708,0.1466540104413858,0.0126190010888076,3.710842153238467,False,True,False,False,False,False,False,False,False,-0.8307950384515106
AVGO,2024-05-05,2024Q2,57952910765.55469,38865000000.0,14701000000.0,11633000000.0,18393000000.0,0.6705519104592821,0.3650328058664608,0.3782580728161585,0.2993181525794416,0.3416713404374649,-0.4747044917257683,-0.6489136195018548,0.3363159340262218,0.1637977614820532,0.0121188730219992,4.372685269971169,False,True,False,False,False,False,False,False,False,-0.778214085298472
AVGO,2024-08-04,2024Q3,657106778087.7969,42619000000.0,13678000000.0,10273000000.0,18461000000.0,0.650461061967667,0.3084070484994955,0.3209366714376217,0.2410427274220418,0.4298637352570709,-0.2472806381435822,-0.3906923297902901,0.2205547683455708,0.1752504751401956,0.0112860461296604,4.866298491682319,False,True,False,False,False,False,False,False,False,1.4732153391422145
AVGO,2024-11-03,2024Q4,776937650498.4531,46815000000.0,13637000000.0,5095000000.0,18655000000.0,0.6389832318701271,0.2793121862650859,0.291295524938588,0.1088326391113959,0.4727354664263181,-0.0103066867772749,-1.5676657584014533,0.0886534078056759,0.1807967531774004,0.0113425184235821,5.048002888070352,False,True,False,False,False,False,False,False,False,1.5659341598008234
AVGO,2025-02-02,2025Q1,1024111343828.125,51574000000.0,14056000000.0,5895000000.0,19414000000.0,0.6303369915073487,0.26104238569822,0.2725404273471128,0.1143017799666498,0.5119956966110812,0.0960128322639779,0.2270147559591373,0.0861924013246872,0.1805173149261255,0.0106255089773917,5.059618668184405,False,True,False,False,False,False,False,False,False,1.7067603203085453
AVGO,2025-05-04,2025Q2,954756216772.7188,54529000000.0,20231000000.0,10073000000.0,20734000000.0,0.6469768380128005,0.3234975884391791,0.3710135890993783,0.1847273927634836,0.2470529219964885,2.779027902790279,3.153207547169811,0.1475470468252776,0.1697262007372224,0.0096462432833904,3.6780188819138946,False,True,False,False,False,False,False,False,False,1.6723660399081992
AVGO,2025-08-03,2025Q3,1347734797068.75,57046000000.0,25077000000.0,12917000000.0,22697000000.0,0.6608701749465343,0.3594292325491708,0.4395926094730568,0.2264313010552887,0.2015696324177145,1.5561978163134231,1.340876944837341,0.1894655010560901,0.1671107527258703,0.0094309855204571,2.9883159867607767,False,True,False,False,False,False,False,False,False,1.8331386712073607
AVGO,2025-11-02,2025Q4,1735800178069.605,59926000000.0,27169000000.0,18932000000.0,24930000000.0,0.6682742048526517,0.3771818576244034,0.4533758301905684,0.3159229716650535,0.2203182374541004,0.5313690627381256,-3.208,0.2701387650269325,0.1707105430030371,0.008477121783533,2.490191026537598,False,True,False,False,False,False,False,False,False,1.9387123860166022
AVGO,2026-02-01,2026Q1,1565018835971.1,63887000000.0,30042000000.0,23126000000.0,26914000000.0,0.6776652527118193,0.3988917933225852,0.4702365113403353,0.3619828760154648,0.2818414686210331,0.600669036169768,0.9699352451433858,0.3146993985248891,0.1718189929093556,0.0097515926557828,2.3391252246854406,False,True,False,False,False,False,False,False,False,1.8966976596986365
AVGO,2026-05-03,2026Q2,1991469088692.2231,68282000000.0,32327000000.0,24972000000.0,28911000000.0,0.6781582261796667,0.4069447292112123,0.4734337014147213,0.3657186374154242,0.2946500402252614,0.2721209955936643,0.3354533890605125,0.3285497669614869,0.1711871357019419,0.0113206994522714,2.172239923283942,False,True,False,False,False,False,False,False,False,1.9920136370741561
INTC,2022-04-02,2022Q1,183829238504.16797,,,,,,,,,,,,,,,,False,False,True,False,False,False,False,False,False,0.5431082872509626
INTC,2022-07-02,2022Q2,139963720637.23438,77704000000.0,32341000000.0,24620000000.0,10634000000.0,0.5431509317409657,0.2587125501904664,0.4162076598373314,0.316843405744878,-0.0670970365475525,0.1657064887810795,1.4138649211544183,0.2634415937039385,0.2049958818078863,0.2492149696283331,1.1516959896107108,False,False,True,False,False,False,False,False,False,0.2801269202656455
INTC,2022-10-01,2022Q3,100672109482.96582,64384000000.0,20261000000.0,19105000000.0,-998000000.0,0.5682467693836978,0.1200919483101391,0.3146899850894632,0.2967352137176938,-0.6785186694513778,-1.4375818160180889,-1.0897055917802805,0.1960331630035502,0.2580454771371769,0.3573092693836978,1.748679729529638,False,False,True,False,False,False,False,False,False,-0.07543532303888299
INTC,2022-12-31,2022Q4,105711781864.31544,69540000000.0,21277000000.0,13301000000.0,-13166000000.0,0.4655593902789761,0.1215846994535519,0.3059677883232672,0.19127121081392,0.2686536056690287,0.1241143415587588,-0.850652205774586,0.1331331481620499,0.2460885821110152,0.3781852171412136,1.857545706631574,False,False,True,False,False,False,False,False,False,-0.019938332860843844
INTC,2023-04-01,2023Q1,133001487558.67772,63054000000.0,15369000000.0,8014000000.0,-9411000000.0,0.426079233672725,0.0370158911409268,0.2437434579883909,0.1270974085704317,-0.3159586905689789,-0.7327297531936003,-1.1436296776984642,0.079021451356055,0.2779839502648523,0.3940114822215878,2.7360921335155184,False,False,True,False,False,False,False,False,False,0.2278792988696567
INTC,2023-07-01,2023Q2,136692043246.54784,56416000000.0,8578000000.0,-2857000000.0,-19896000000.0,0.3834018718094157,-0.0615960011344299,0.1520490640952921,-0.0506416619398752,-0.3616847381899417,-0.8832097802054883,-1.3399482312338222,-0.0285282773943108,0.3062074588769143,0.4901623652864436,5.860690137561203,False,False,True,False,False,False,False,False,False,0.2560296376239805
INTC,2023-09-30,2023Q3,146434283340.4541,63054000000.0,13515000000.0,-922000000.0,-16543000000.0,0.3279887080914771,0.0370158911409268,0.2143400894471405,-0.0146223871602118,1.0518142925051497,-1.3426706554256187,-4.262114537444933,-0.0092111572890025,0.2688965014114886,0.4170869413518571,3.6290048094709584,False,False,True,False,False,False,False,False,False,0.3255849514064662
INTC,2023-12-30,2023Q4,209054167755.12695,52864000000.0,6752000000.0,-1644000000.0,-10203000000.0,0.381431598062954,-0.0685532687651331,0.1277239709443099,-0.0310986682808716,-0.4185148677509446,-0.7349489241469246,-0.7085377821393524,-0.0163455228777665,0.3125567493946731,0.4682392554479418,7.239188388625592,False,False,True,False,False,False,False,False,False,0.6581966562404319
INTC,2024-03-30,2024Q1,184822843353.27148,54228000000.0,9695000000.0,1689000000.0,-14279000000.0,0.400365125027661,0.0017149811905288,0.1787821789481448,0.0311462712989599,0.0971371599487251,1.365661252900232,-5.019578313253012,0.016620784837593,0.2958987976691008,0.4748469425389098,5.08158844765343,False,False,True,False,False,False,False,False,False,0.5480441886465417
INTC,2024-06-29,2024Q2,131004219217.14258,55237000000.0,10279000000.0,4066000000.0,-12274000000.0,0.4149392617267411,0.008907073157485,0.1860890345239604,0.073610080199866,0.0861288945795988,0.6503340757238307,-0.8618564176939811,0.039247767216145,0.2954360301971505,0.4400492423556674,5.102636443233777,False,False,True,False,False,False,False,False,False,0.212193907787452
INTC,2024-09-28,2024Q3,102281957099.58104,55121000000.0,9624000000.0,975000000.0,-12584000000.0,0.4141615718147348,-0.0082727091308212,0.1745977032347018,0.017688358338927,-0.0089582207120241,-0.5198412698412698,-2.087103308575287,0.0090992872225009,0.2989423268808621,0.4372380762322889,5.5100789692435574,False,False,True,False,False,False,False,False,False,-0.057300671522901254
INTC,2024-12-28,2024Q4,87553895410.24219,54247000000.0,1740000000.0,-15961000000.0,-15059000000.0,0.3467104171659262,-0.1752170626947112,0.0320755064796209,-0.2942282522535808,-0.0617318830343268,-3.2324723247232474,-57.023569023569024,-0.1497546467006314,0.3070584548454292,0.4572787435249875,28.871264367816092,False,False,True,False,False,False,False,False,False,-0.23972436654868173
INTC,2025-03-29,2025Q1,99028990910.80078,53101000000.0,-299000000.0,-18756000000.0,-15656000000.0,0.3266416828308318,-0.2199205288036007,-0.0056307790813732,-0.3532136871245362,-0.0743866026223549,-0.3999607689289918,-1.047208692394155,-0.1786268702202836,0.3115948852187341,0.4509142953993333,-167.2608695652174,False,False,True,False,False,False,False,False,False,-0.09435962109122391
INTC,2025-06-28,2025Q2,102069831087.23145,53044000000.0,592000000.0,-19196000000.0,-12833000000.0,0.3167181962144634,-0.2056783048035593,0.0111605459618429,-0.3618882437221929,-0.0044797233574347,0.6012145748987854,1.1548556430446193,-0.1855640704033717,0.2979413317246059,0.4365620993891863,84.71452702702703,False,False,True,False,False,False,False,False,False,-0.05966776465216015
INTC,2025-09-27,2025Q3,165794283747.0,53070000000.0,-176000000.0,-20504000000.0,-10943000000.0,0.2976257772752967,-0.2284153005464481,-0.0033163745995854,-0.3863576408517053,0.0020260266500429,-1.269421487603306,0.8124223602484473,-0.2068807212170285,0.2873374788015828,0.3961748633879781,-288.39204545454544,False,False,True,False,False,False,False,False,False,0.4466224672069926
INTC,2025-12-27,2025Q4,172674003639.2212,53439000000.0,8944000000.0,198000000.0,-8418000000.0,0.3558449821291566,-0.0445741873912311,0.1673684013548157,0.0037051591534272,0.0277777777777776,-1.674931129476584,-1.244185347677144,0.0019638717036339,0.2700462209247927,0.3179700218941222,5.204941860465116,False,False,True,False,False,False,False,False,False,0.4850555916502611
INTC,2026-03-28,2026Q1,216556176496.65753,52853000000.0,9492000000.0,-267000000.0,-4949000000.0,0.3476623843490435,-0.0418897697387092,0.1795924545437345,-0.0050517472991126,-0.04109396914446,0.1791435109512913,3.6904761904761902,-0.0025532159045269,0.26060961534823,0.2771082057782907,4.907817109144543,False,False,True,False,False,False,False,False,False,0.6888033775810559
MRVL,2022-01-29,2021Q4,55035797932.43408,,,,,,,,,,,,,,,,False,False,False,True,False,False,False,False,False,-0.8516176875509301
MRVL,2022-04-30,2022Q1,48470037492.370605,4462400000.0,897600000.0,-421000000.0,650100000.0,0.4625761921835783,-0.0779177124417353,0.2011473646468268,-0.0943438508425959,,,,-0.0276133624865288,0.3191556113302259,0.037916816063105,5.066857174688057,False,False,False,True,False,False,False,False,False,-1.0382816908778134
MRVL,2022-07-30,2022Q2,46646113407.52539,5077000000.0,1217500000.0,-498500000.0,843100000.0,0.4721095134922198,-0.0385266889895607,0.2398069726216269,-0.0981879062438448,0.7384356602186712,3.2609582059123348,0.8786848072562359,-0.0323729693369046,0.311640732716171,0.036379751821942,3.6675975359342914,False,False,False,True,False,False,False,False,False,-1.0963947611065077
MRVL,2022-10-29,2022Q3,34508225887.298584,5518000000.0,1529100000.0,-217800000.0,912100000.0,0.509441826748822,0.0199710039869517,0.2771112722000725,-0.0394708227618702,0.4098893949251789,4.089238845144357,-1.0155571635311142,-0.013965209476459,0.3015947807176513,0.0407937658571946,2.581518540317834,False,False,False,True,False,False,False,False,False,-1.5830393118325803
MRVL,2023-01-28,2022Q4,37321924699.401855,5844100000.0,1661700000.0,-141900000.0,1092500000.0,0.5134409062131038,0.0426755188994028,0.2843380503413699,-0.0242808986841429,0.2692371202113606,0.4176377952755905,-1.2124600638977636,-0.0091171500290163,0.297804623466402,0.0326825345219965,2.3636035385448637,False,False,False,True,False,False,False,False,False,-1.451186517154631
MRVL,2023-04-29,2023Q1,33492790894.02344,5919600000.0,1630300000.0,-163500000.0,1082600000.0,0.5046793702277181,0.0402054192850868,0.2754071221028448,-0.0276201094668558,0.0562174236783321,-0.0773780187284376,-3.4838709677419355,-0.0105159234234958,0.3014223934049598,0.0348334346915332,2.7553824449487823,False,False,False,True,False,False,False,False,False,-1.6343004595099258
MRVL,2023-07-29,2023Q2,55320999908.447266,5794400000.0,1378300000.0,-166700000.0,1033300000.0,0.4821551843158912,-0.0024506419991716,0.2378675962998757,-0.0287691564268949,-0.0865298223788789,-0.6028708133971292,0.0193120096560048,-0.0107167596427532,0.3142516912881403,0.0464413916885268,2.2889791772473336,False,False,False,True,False,False,False,False,False,-0.8442079737775648
MRVL,2023-10-28,2023Q3,41077553675.13281,5618400000.0,1132100000.0,-378500000.0,775800000.0,0.450110351701552,-0.046098533390289,0.2014986473017229,-0.0673679339313683,-0.1160261058738215,-0.6348633316142341,-49.25581395348837,-0.0243880437373952,0.3286878826712231,0.0547486828990459,2.7687483437858846,False,False,False,True,False,False,False,False,False,-1.2950364541238915
MRVL,2024-02-03,2023Q4,57981597066.421875,5499700000.0,877600000.0,-556100000.0,856100000.0,0.4187137480226194,-0.0929323417640962,0.1595723403094714,-0.10111460625125,-0.0772132960385091,-0.5654299044656743,-13.353383458646617,-0.0360203387634809,0.3417822790334018,0.0580577122388493,4.659981768459435,False,False,False,True,False,False,False,False,False,-0.777517539289467
MRVL,2024-05-04,2024Q1,58974631713.86719,5507700000.0,830000000.0,-933400000.0,1034200000.0,0.4164351725765746,-0.103073878388438,0.1506981135501207,-0.1694718303466056,0.0056397603101867,-0.1271367521367521,24.5,-0.061258576955513,0.3442816420647457,0.0610599705866332,4.88987951807229,False,False,False,True,False,False,False,False,False,-0.7536927124568223
MRVL,2024-08-03,2024Q2,51022309643.55469,5346900000.0,849200000.0,-980100000.0,1158600000.0,0.4234603228038676,-0.1005442405880042,0.1588209990835811,-0.1833024743309207,-0.1216614965574638,0.1156626506024096,0.2764949674363528,-0.0654130445664325,0.3537750846284763,0.0613439563111335,4.742816768723505,False,False,False,True,False,False,False,False,False,-0.9618159968632554
MRVL,2024-11-02,2024Q3,73109561282.34863,5278900000.0,959200000.0,-965900000.0,1415400000.0,0.4415124363030177,-0.0818920608460095,0.1817045217753698,-0.1829737255867699,-0.0507122082183607,0.7768361581920904,-0.068433734939759,-0.0657651953074466,0.3605864858209097,0.050218795582413,4.166492910758966,False,False,False,True,False,False,False,False,False,-0.46489610316544083
MRVL,2025-02-01,2024Q4,97283926211.875,5376400000.0,402300000.0,-1477900000.0,1428100000.0,0.3959712818986682,-0.1839148872851722,0.0748270217989732,-0.2748865411799717,0.06872973354011,-2.8471370143149284,3.1162507608034087,-0.1039166501136445,0.3554423034000446,0.0531396473476675,9.857071836937608,False,False,False,True,False,False,False,False,False,-0.11493551105745076
MRVL,2025-05-03,2025Q1,53854562618.441895,5767300000.0,636600000.0,-885000000.0,1396600000.0,0.4130529017044371,-0.124893797790994,0.1103809408215282,-0.1534513550534912,0.2740273396424815,0.7169522643818849,-1.5098039215686274,-0.0638027521695639,0.3381825117472647,0.0493471815234165,6.180175934652843,False,False,False,True,False,False,False,False,False,-0.8828770628774664
MRVL,2025-08-02,2025Q2,64070119363.40332,6501700000.0,1051900000.0,-491500000.0,1377700000.0,0.4317024778134949,-0.0457418828921666,0.1617884553270683,-0.0755956134549425,0.6326126281333448,2.2424406047516197,-1.825139146567718,-0.0361945965848943,0.3048433486626574,0.0479720688435332,2.8304971955509077,False,False,False,True,False,False,False,False,False,-0.6395607257087332
MRVL,2025-11-01,2025Q3,80714743920.89844,7234900000.0,1418200000.0,-103400000.0,1533600000.0,0.4464194391076587,0.012868180624473,0.1960220597382133,-0.0142918354089206,0.5760075418336084,1.4558823529411766,-2.007759958613554,-0.0077258878886993,0.2784143526517298,0.0430137251378733,2.797842335354675,False,False,False,True,False,False,False,False,False,-0.33943610530924706
MRVL,2026-01-31,2025Q4,68002892888.64136,7793300000.0,2453200000.0,2474200000.0,1581100000.0,0.5068712868746231,0.1480374167554181,0.314783211219894,0.3174778335236677,0.3683134357891959,-2.864655411015776,-3.811326334466953,0.1825371647792246,0.2615323418834127,0.0397392632132729,1.618049894015979,False,False,False,True,False,False,False,False,False,-0.5596609433247219
MRVL,2026-05-02,2026Q1,144241884844.11523,8194600000.0,2613500000.0,2670100000.0,1396400000.0,0.5101774339198984,0.1614355795279818,0.318929538964684,0.3258365264930564,0.2208099482777594,0.2856888255212975,0.9785214785214784,0.1938387713840804,0.2532399384960828,0.0432113831059478,1.7105796824182131,False,False,False,True,False,False,False,False,False,0.3104963647005114
MU,2022-03-03,2021Q4,97634241800.5088,,,,,,,,,,,,,,,,False,False,False,False,True,False,False,False,False,-0.11076455020008145
MU,2022-06-02,2022Q1,82398335582.5625,31169000000.0,16522000000.0,9024000000.0,4860000000.0,0.4581154352080593,0.3186178574866052,0.5300779620777054,0.2895184317751612,,,,0.2005946261357637,0.0923674163431614,0.3256440694279572,0.4282774482508171,False,False,False,False,True,False,False,False,False,-0.31384118931362626
MU,2022-09-01,2022Q2,62016806604.63232,32389000000.0,17991000000.0,9915000000.0,4819000000.0,0.4689246349069128,0.343820432863009,0.5554663620364939,0.3061224489795918,0.1643761789275128,0.4377234803337306,0.5135446685878962,0.2121229949670262,0.0920682947914415,0.3232270215196517,0.3870268467567117,False,False,False,False,True,False,False,False,False,-0.6840019456210059
MU,2022-12-01,2022Q3,59302375679.03906,30758000000.0,16818000000.0,8687000000.0,3114000000.0,0.4518499252227063,0.3154301319981793,0.5467845763703751,0.2824305871643149,-0.1971235194585449,-0.2563374125874126,-0.451470588235294,0.1800965061858288,0.101306977046622,0.3923206970544248,0.410631466286122,False,False,False,False,True,False,False,False,False,-0.7459499600457378
MU,2023-03-02,2022Q4,60667135576.42969,27156000000.0,14228000000.0,6186000000.0,935000000.0,0.4133893062306673,0.2526881720430107,0.5239357784651643,0.2277949624392399,-0.4685833224925199,-0.602045560204556,-1.0845620121422377,0.1260269228222615,0.1197893651495065,0.414309913094712,0.7214647174585325,False,False,False,False,True,False,False,False,False,-0.7143285149301768
MU,2023-06-01,2023Q1,74646797325.77344,23063000000.0,9579000000.0,1611000000.0,-1944000000.0,0.2750726271517149,0.0872826605385249,0.4153405888219225,0.0698521441269566,-0.5256871307474955,-1.084188432835821,-2.0216526734423335,0.0329193720594019,0.1408749945800633,0.4702337076702944,1.2813446079966593,False,False,False,False,True,False,False,False,False,-0.43813153243541453
MU,2023-08-31,2023Q2,75770295038.96973,18173000000.0,4949000000.0,-2911000000.0,-4741000000.0,0.090298794915534,-0.1514334452209321,0.2723270786331371,-0.1601826886039729,-0.5658412404535986,-0.9595854922279792,-1.722010662604722,-0.0606853420195439,0.1779563088097727,0.5408022891102184,2.676298242069105,False,False,False,False,True,False,False,False,False,-0.41904408452641506
MU,2023-11-30,2023Q3,82808918357.19434,15540000000.0,2011000000.0,-5833000000.0,-6117000000.0,-0.0911196911196911,-0.3696911196911197,0.1294079794079794,-0.3753539253539253,-0.3963570675899442,-0.8633558624742874,-1.9584450402144773,-0.1253815399165986,0.2003861003861003,0.4939510939510939,6.628543013426156,False,False,False,False,True,False,False,False,False,-0.3077078833780856
MU,2024-02-29,2023Q4,99232778337.6875,16181000000.0,1086000000.0,-6872000000.0,-5006000000.0,-0.1448612570298498,-0.4118410481428836,0.0671157530436932,-0.4246956306779556,0.1569155446756425,-0.540303738317757,5.328205128205128,-0.152994150289146,0.1922007292503553,0.4340275631913973,12.435543278084715,False,False,False,False,True,False,False,False,False,-0.09198922135080156
MU,2024-05-30,2024Q1,138886913510.97852,18312000000.0,3562000000.0,-3767000000.0,-3309000000.0,-0.0032219309742245,-0.2277195281782437,0.1945172564438619,-0.2057121013543031,0.5770376387760627,-6.858725761772853,-1.342993079584775,-0.0854776491944633,0.1722367846221057,0.3386850152905198,3.8523301516002246,False,False,False,False,True,False,False,False,False,0.2722818163123001
MU,2024-08-29,2024Q2,105325733770.05469,21371000000.0,6041000000.0,-1539000000.0,-1376000000.0,0.114220204950634,-0.0790791259183005,0.2826727808712742,-0.0720134762060736,0.8152985074626866,12.712820512820512,-1.1751054852320677,-0.0351570531125071,0.1518880726217771,0.3147723550605961,2.194669756662804,False,False,False,False,True,False,False,False,False,-0.024060123883817182
MU,2024-11-28,2024Q3,108854154049.53516,25111000000.0,9084000000.0,778000000.0,121000000.0,0.2235275377324678,0.0519294333160766,0.3617538130699693,0.0309824379753892,0.9326683291770574,6.544086021505376,-1.6202797202797203,0.0176706736092578,0.1365935247501095,0.3339572298992473,1.47479084103919,False,False,False,False,True,False,False,False,False,0.012861714573151628
MU,2025-02-27,2024Q4,101926084470.7422,29094000000.0,12501000000.0,3882000000.0,554000000.0,0.3092046470062556,0.158314429091909,0.4296762219014229,0.1334295731078573,0.8427845958527296,4.341804320203304,-2.5153970826580228,0.0862556451120134,0.1193716917577507,0.3367017254416718,1.1027117830573554,False,False,False,False,True,False,False,False,False,-0.06127565790478655
MU,2025-05-29,2025Q1,108147447036.27832,31323000000.0,14238000000.0,4672000000.0,606000000.0,0.3473485936851515,0.1975545126584299,0.4545541614787856,0.1491555725824474,0.3827266483516482,0.8212765957446808,0.996216897856242,0.1011332027318086,0.1129840692143153,0.3980142387383073,1.0082174462705435,False,False,False,False,True,False,False,False,False,0.005599247593015608
MU,2025-08-28,2025Q2,136336034541.84082,33813000000.0,15827000000.0,6225000000.0,1881000000.0,0.3713364682222814,0.2258894508029456,0.4680744092508798,0.1841007896371218,0.365585082954045,0.5942408376963351,4.677710843373494,0.1301559257536237,0.1080649454351876,0.3939017537633454,0.9819296139508435,False,False,False,False,True,False,False,False,False,0.2533597771453877
MU,2025-11-27,2025Q3,258909621089.00168,37378000000.0,18122000000.0,8539000000.0,1668000000.0,0.397907860238643,0.2613837016426775,0.4848306490448927,0.2284498903098079,0.4599999999999999,0.6542189281641961,2.608793686583991,0.1704876137424317,0.1016105730643694,0.4242335063406282,0.8043814148548726,False,False,False,False,True,False,False,False,False,0.8378574553937256
MU,2026-02-26,2025Q4,467520224936.8552,42312000000.0,22266000000.0,11909000000.0,4652000000.0,0.4530865948194366,0.3245415012289658,0.5262336925694838,0.2814567971261107,0.5665403605465611,0.9857278782112272,1.8021390374331552,0.2243256479807112,0.0964501796180752,0.4263565891472868,0.5279798796371149,False,False,False,False,True,False,False,False,False,1.2660473556028908
MU,2026-05-28,2026Q1,1041484972805.5756,58119000000.0,36835000000.0,24111000000.0,10281000000.0,0.5843699994838177,0.4833875324764707,0.6337858531633372,0.4148557270427915,1.962870979759096,3.782191069574247,7.708149084017688,0.4083530218733328,0.0762745401675872,0.3505222044426091,0.2753359576489751,False,False,False,False,True,False,False,False,False,1.7148787737362525
NVDA,2022-01-30,2021Q4,56738040496.82617,,,,,,,,,,,,,,,,False,False,False,False,False,True,False,False,False,-0.8081543614684134
NVDA,2022-05-01,2022Q1,46081419021.606445,26914000000.0,11214500000.0,9753000000.0,8132000000.0,0.6492531767853162,0.3730772088875678,0.416679051794605,0.3623764583488147,,,,0.4318783141999978,0.1956974065542097,0.036263654603552,0.9760577823353694,False,False,False,False,False,True,False,False,False,-1.1150222088867197
NVDA,2022-07-31,2022Q2,45136889953.61328,29541000000.0,11179500000.0,9459000000.0,7936666666.666667,0.6525168410006432,0.3369215666362005,0.37844013405098,0.3201990453945364,0.4640522875816992,-0.0156459544032185,-0.153765690376569,0.3865668134495336,0.1940354084154226,0.0348103765388217,0.9792030055011404,False,False,False,False,False,True,False,False,False,-1.1468896411388854
NVDA,2022-10-30,2022Q3,34389101398.46802,29738000000.0,9326500000.0,7741000000.0,6357333333.333334,0.6044791176272782,0.2692850897841146,0.3136223014325106,0.2603066783240298,0.0302750883663747,-0.6787545787545788,-0.7236731255265375,0.3078513834620853,0.2122200551482951,0.0402066940166341,1.307886130917279,False,False,False,False,False,True,False,False,False,-1.588945195562393
NVDA,2023-01-29,2022Q4,50637063743.59131,28566000000.0,7365000000.0,5957000000.0,5102000000.0,0.5783798921795141,0.2078694952040888,0.2578239865574459,0.2085346215780998,-0.1650007039279177,-0.6607714333838639,-0.724025974025974,0.2428157991277055,0.239900581110411,0.0463488062731919,1.656347589952478,False,False,False,False,False,True,False,False,False,-0.9730178652133894
NVDA,2023-04-30,2023Q1,68399689709.45508,26974000000.0,5768000000.0,4368000000.0,4081000000.0,0.5692889449099132,0.1565952398606065,0.213835545339957,0.1619337139467635,-0.2082951720528588,-0.4870387313205245,-0.5291375291375291,0.1866247957189092,0.2720768147104619,0.0578334692667012,2.115638002773925,False,False,False,False,False,True,False,False,False,-0.5519520303663006
NVDA,2023-07-30,2023Q2,115247991354.44531,25878000000.0,6090000000.0,4793000000.0,5363333333.333333,0.5631424375917768,0.1737383105340443,0.2353350336192905,0.1852152407450344,-0.1322393822393822,0.1462306993642144,0.2626699629171818,0.2087975517583123,0.2935311847901692,0.0563284128088208,2.003940886699507,False,False,False,False,False,True,False,False,False,0.07575664813415255
NVDA,2023-10-29,2023Q3,99848735681.24414,32681000000.0,12378000000.0,10325000000.0,10502666666.666666,0.6462470548636823,0.3303754475077262,0.3787521801658456,0.3159328049937272,1.0147673031026252,7.169897377423034,8.432926829268293,0.4325920960291607,0.239037973134237,0.0427261507705802,0.8849571820972694,False,False,False,False,False,True,False,False,False,-0.08486497541471105
NVDA,2024-01-28,2023Q4,150479102532.29883,44870000000.0,22160000000.0,18888000000.0,17515000000.0,0.6985290840205037,0.4593938043236015,0.4938711834187653,0.4209494094049476,2.055134041476985,9.71400198609732,12.592647058823529,0.7035488466946651,0.1818809895252953,0.0295074660129262,0.4943592057761732,False,False,False,False,False,True,False,False,False,0.35262524232247994
NVDA,2024-04-28,2024Q1,218958625793.45703,60922000000.0,34479000000.0,29759000000.0,27021000000.0,0.7271757329043695,0.5412002232362694,0.5659531860411674,0.4884770690390991,2.6527846636919516,7.324019024970273,7.688118811881187,0.928054637310547,0.1423787794228685,0.0175470273464429,0.3178456451753241,False,False,False,False,False,True,False,False,False,0.6982990042115018
NVDA,2024-07-28,2024Q2,2776507477542.7344,79774000000.0,49274000000.0,42597000000.0,39334000000.0,0.7528643417654876,0.5984405946799709,0.6176699175169855,0.5339709679845563,2.621245828698554,5.8617274167987325,6.283896231032795,1.1144774537890978,0.1193245919723218,0.0149171409231077,0.2224296789381824,False,False,False,False,False,True,False,False,False,2.1102132692359308
NVDA,2024-10-27,2024Q3,3497466023220.125,96307000000.0,61184000000.0,53008000000.0,46786000000.0,0.7597682411455035,0.6186673865866448,0.6353016914658333,0.550406512506879,1.2240319834160065,1.6622470341939986,1.682449903038138,1.155223327630733,0.1097428016655071,0.0195001401767265,0.1382877876569037,False,False,False,False,False,True,False,False,False,2.184137355401244
NVDA,2025-01-26,2024Q4,3557263080434.5312,113269000000.0,72742000000.0,63074000000.0,56546000000.0,0.758610034519595,0.6271265747909843,0.6422057226602159,0.5568513891709117,0.9360927152317882,1.071276299935119,1.0890403548631395,1.16708607801051,0.1029849296806716,0.0213032692086978,0.1163289433889637,False,False,False,False,False,True,False,False,False,2.1893202809911827
NVDA,2025-04-27,2025Q1,2704853591318.8125,130497000000.0,83318000000.0,72880000000.0,60853000000.0,0.7498946335931094,0.6241829314083849,0.6384667846770424,0.5584802715771244,0.7794417047459621,0.7553746160988501,0.7982091982091981,1.1544203544203544,0.0989601293516326,0.0247975049234848,0.1015746897429127,False,False,False,False,False,True,False,False,False,2.101433554706937
NVDA,2025-07-27,2025Q2,4257259549578.0,148515000000.0,88248000000.0,76774000000.0,72064000000.0,0.701080698919301,0.5802982863683803,0.5942026057973943,0.516944416388917,0.6918292121025955,0.2846584675789596,0.2616759626369196,1.0691789740483104,0.0954987711678955,0.0275662391004275,0.0959115220741546,False,False,False,False,False,True,False,False,False,2.2422791632617076
NVDA,2025-10-26,2025Q3,4529095172042.847,165218000000.0,98282000000.0,86597000000.0,72023000000.0,0.6984711108959072,0.5809354912902952,0.5948625452432543,0.5241378058080839,0.5560252996005326,0.5260288335517693,0.5917826375082835,1.0522114216281897,0.0931133411613746,0.030335677710661,0.0861398831932602,False,False,False,False,False,True,False,False,False,2.2597234241245476
NVDA,2026-01-25,2025Q4,4563635174957.275,187142000000.0,112696000000.0,99198000000.0,77324000000.0,0.7005001549625418,0.5884408630879225,0.6021951245578224,0.5300680766476793,0.6249358645459211,0.645008278516132,0.6525972344502564,1.0381843965693174,0.0892317064047621,0.0311795321199944,0.083995882728757,False,False,False,False,False,True,False,False,False,2.2618370524945672
NVDA,2026-04-26,2026Q1,5056109411087.036,215938000000.0,133230000000.0,120067000000.0,96676000000.0,0.7106808435754708,0.6038168363141272,0.6169826524280118,0.5560253406070261,0.7321451272533117,0.835496602514546,0.94468335521253,1.043688771829174,0.0856588465207605,0.0279802535913086,0.0710575696164527,False,False,False,False,False,True,False,False,False,2.289771555270209
NXPI,2022-04-03,2022Q1,44250802353.27246,,,,,,,,,,,,,,,,False,False,False,False,False,False,True,False,False,-1.1776281454724666
NXPI,2022-07-03,2022Q2,36067808010.92236,11632000000.0,4195000000.0,2175000000.0,2304000000.0,0.5578576341127923,0.2548143053645117,0.3606430536451169,0.186984181568088,0.2216595247370472,0.4201680672268908,0.8611898016997168,0.3196531579527501,0.171337689133425,0.077114855570839,2.5203814064362335,False,False,False,False,False,False,True,False,False,-1.5082110029273765
NXPI,2022-10-02,2022Q3,36129407350.58594,12348000000.0,4577000000.0,2448000000.0,2369000000.0,0.5627632005183025,0.2700032393909945,0.3706673145448655,0.1982507288629737,0.275808936825886,0.4350797266514805,0.6876574307304786,0.3662340576728877,0.166747651441529,0.0821995464852607,2.4382783482630543,False,False,False,False,False,False,True,False,False,-1.505346890839616
NXPI,2022-12-31,2022Q4,38381692189.40332,12932000000.0,4882000000.0,2667000000.0,2508000000.0,0.5670429941231054,0.2802350757810083,0.3775131456851222,0.206232601299103,0.2041244320167774,0.2999016715830875,0.4219653179190752,0.3935805201992252,0.1635477884317971,0.084751005258274,2.2863580499795164,False,False,False,False,False,False,True,False,False,-1.4050101568894415
NXPI,2023-04-02,2023Q1,46846459129.11987,13205000000.0,5047000000.0,2787000000.0,2832000000.0,0.5692540704278682,0.2875425975009466,0.382203710715638,0.2110564180234759,0.0898321816386968,0.1477170993733214,0.1993355481727574,0.397773496039392,0.1626656569481257,0.0804998106777735,2.2122052704576975,False,False,False,False,False,False,True,False,False,-1.0898601809857145
NXPI,2023-07-02,2023Q2,50388847532.04736,13190000000.0,4972000000.0,2745000000.0,2637000000.0,0.5693707354056103,0.2842304776345716,0.3769522365428355,0.2081122062168309,-0.0047831632653061,-0.0633981403212172,-0.0639269406392694,0.3726328649969456,0.1673237300985595,0.0783927217589082,2.2459774738535803,False,False,False,False,False,False,True,False,False,-0.9802974093538587
NXPI,2023-10-01,2023Q3,49093854503.723145,13177000000.0,4930000000.0,2773000000.0,2641000000.0,0.5698565682628823,0.2840555513394551,0.3741367534340138,0.2104424375806329,-0.0039251207729468,-0.0333333333333333,0.0417910447761193,0.3615856043812752,0.1710556272292631,0.0733854443348258,2.265720081135903,False,False,False,False,False,False,True,False,False,-1.0190900850923579
NXPI,2023-12-31,2023Q4,56653883190.63672,13166000000.0,4873000000.0,2822000000.0,2567000000.0,0.5701807686465138,0.2836092966732493,0.370120006076257,0.2143399665805863,-0.0031930333817126,-0.0431164901664145,0.0663956639566396,0.3521117973672718,0.1752240619778216,0.0672185933464985,2.2926328750256517,False,False,False,False,False,False,True,False,False,-0.8102609370465418
NXPI,2024-03-31,2024Q1,61068835602.78516,13276000000.0,4767000000.0,2797000000.0,2686000000.0,0.5689213618559807,0.2757607713166616,0.3590689966857487,0.2106809279903585,0.0332125603864734,-0.0826833073322933,-0.0346260387811634,0.3364508465401618,0.1821331726423621,0.0622928592949683,2.344241661422278,False,False,False,False,False,False,True,False,False,-0.7052064721162111
NXPI,2024-06-30,2024Q2,66361015633.30078,13281000000.0,4750000000.0,2821000000.0,2930000000.0,0.5696860176191552,0.2779911151268729,0.3576537911301859,0.212408704163843,0.0016020506247997,-0.0153429602888086,0.0390243902439024,0.3305891659098233,0.1810857616143362,0.0603870190497703,2.142736842105263,False,False,False,False,False,False,True,False,False,-0.5922273153593655
NXPI,2024-09-29,2024Q3,60443662050.6084,13109000000.0,4641000000.0,2781000000.0,2951000000.0,0.5703715004958425,0.2785109466778549,0.35403158135632,0.2121443283240521,-0.0521370112155198,-0.0894909688013135,-0.0573065902578796,0.3180193830584065,0.1838431611869707,0.059958806926539,2.193492781728076,False,False,False,False,False,False,True,False,False,-0.7194392299555469
NXPI,2024-12-31,2024Q4,51409965675.10986,12925000000.0,4584000000.0,2712000000.0,2756000000.0,0.5708317214700194,0.282321083172147,0.3546615087040619,0.2098259187620889,-0.0535818287711123,-0.0450592885375493,-0.0876747141041931,0.3021979552608853,0.1846034816247582,0.0597292069632495,2.2212041884816753,False,False,False,False,False,False,True,False,False,-0.950660547478098
NXPI,2025-03-30,2025Q1,47124067348.93799,12614000000.0,4342000000.0,2510000000.0,2055000000.0,0.5643729189789123,0.2708894878706199,0.3442207071507848,0.1989852544791501,-0.0908825248392752,-0.20578231292517,-0.2898134863701578,0.2755516522120979,0.1860631044870778,0.0576343745045187,2.499769691386458,False,False,False,False,False,False,True,False,False,-1.0808686568527068
NXPI,2025-06-29,2025Q2,54185679035.17529,12323000000.0,4183000000.0,2361000000.0,1856000000.0,0.5596039925342855,0.266493548648868,0.3394465633368498,0.1915929562606508,-0.0930902111324376,-0.145737855178735,-0.2331768388106416,0.2557339760080154,0.1890773350645135,0.0519354053396088,2.8030121922065505,False,False,False,False,False,False,True,False,False,-0.8740204422154595
NXPI,2025-09-28,2025Q3,56461668217.01572,12122000000.0,3968000000.0,2148000000.0,1976000000.0,0.5499092558983666,0.25367101138426,0.3273387229830061,0.1771984820986636,-0.0642788615286217,-0.193868349864743,-0.3237082066869301,0.2292422625400213,0.1904801187922785,0.0443821151625144,2.892641129032258,False,False,False,False,False,False,True,False,False,-0.8150884858607723
NXPI,2025-12-31,2025Q4,54257406722.29637,12045000000.0,3854000000.0,2061000000.0,1891000000.0,0.5468659194686591,0.2472395184723952,0.3199667911996679,0.1711083437110834,-0.0236923076923076,-0.0943708609271523,-0.1211699164345403,0.2162701015241743,0.1915317559153175,0.0356164383561643,3.1746237675142708,False,False,False,False,False,False,True,False,False,-0.8721116659877849
NXPI,2026-03-29,2026Q1,48267383322.37419,12269000000.0,3879000000.0,2021000000.0,2423000000.0,0.5473958757844976,0.2483494987366533,0.3161626864455131,0.1647241013937566,0.0720025715204113,0.0267665952890792,-0.0808080808080807,0.2073245794009027,0.1923547151357078,0.0323579753851169,3.1508120649651974,False,False,False,False,False,False,True,False,False,-1.0445893582108254
QCOM,2022-03-27,2021Q4,161839314061.125,,,,,,,,,,,,,,,,False,False,False,False,False,False,False,True,False,0.4235233193432093
QCOM,2022-06-26,2022Q1,130246156747.81348,39264000000.0,14484000000.0,11159000000.0,7195000000.0,0.5850651996740016,0.3264822738386308,0.3688875305623472,0.2842043602281988,,,,1.0431896793493505,0.196261206193969,0.0511919315403423,0.2406103286384976,False,False,False,False,False,False,False,True,False,0.20615439056404802
QCOM,2022-09-25,2022Q2,125066892328.08788,42141000000.0,16793000000.0,12861000000.0,6669000000.0,0.5798865712726323,0.3582259557200826,0.3984955269215253,0.305189720224959,0.3569478908188586,0.8877354863514033,0.8392504930966469,1.015495765806668,0.1873472390308725,0.0488360504022211,0.925683320431132,False,False,False,False,False,False,False,True,False,0.16355977379005648
QCOM,2022-12-25,2022Q3,114910113762.7461,44200000000.0,17622000000.0,12936000000.0,6834000000.0,0.5783936651583711,0.3588235294117647,0.3986877828054299,0.2926696832579185,0.2205441302485005,0.2491734295160805,0.0268048606147248,0.8811688975171146,0.1853846153846154,0.0511764705882352,0.8785608897968449,False,False,False,False,False,False,False,True,False,0.07255378685005982
QCOM,2023-03-26,2022Q4,129434832449.2793,42958000000.0,16215000000.0,11772000000.0,8057000000.0,0.5722333441966572,0.3366311280785884,0.3774617067833698,0.2740351040551236,-0.116020551144325,-0.3295081967213115,-0.3424536628420124,0.7113098385171981,0.1982168629824479,0.0483495507239629,1.0408263953129815,False,False,False,False,False,False,False,True,False,0.19963688627790704
QCOM,2023-06-25,2023Q1,118391218612.6709,41070000000.0,14488000000.0,10542000000.0,6854000000.0,0.5646213781348917,0.3090333576820063,0.352763574385196,0.2566837107377648,-0.1691301621427932,-0.4029398040130658,-0.4192229038854805,0.5810745635188579,0.2116386656927197,0.0496469442415388,0.03444229707344,False,False,False,False,False,False,False,True,False,0.10494799958098579
QCOM,2023-09-24,2023Q2,113388748626.70898,38584000000.0,11881000000.0,8615000000.0,6864000000.0,0.5631090607505702,0.2603151565415716,0.3079255650010367,0.2232790794111548,-0.2273018195117491,-0.5309572301425662,-0.5166219839142091,0.4464251013719216,0.229654779183081,0.0464182044370723,0.0769295513845635,False,False,False,False,False,False,False,True,False,0.05797055319022187
QCOM,2023-12-24,2023Q3,151649434089.875,35820000000.0,9597000000.0,7232000000.0,9849000000.0,0.5569793411501954,0.2174204355108877,0.2679229480737018,0.2018983807928531,-0.2425625274243089,-0.5495668912415784,-0.4813783501566306,0.3582015626741292,0.2461753210496929,0.0404801786711334,1.6044597269980203,False,False,False,False,False,False,False,True,False,0.3602637512631373
QCOM,2024-03-24,2023Q4,181982804678.6328,36292000000.0,10099000000.0,7764000000.0,9887000000.0,0.5553565524082442,0.2273503802490907,0.2782706932657335,0.2139314449465447,0.0498784740568529,0.1753405518686692,0.2380313199105146,0.3653346195019233,0.2387027444064807,0.0348837209302325,0.0905040102980493,False,False,False,False,False,False,False,True,False,0.5338379022748077
QCOM,2024-06-23,2024Q1,239549126089.16016,36407000000.0,10291000000.0,8386000000.0,12253000000.0,0.5580520229626171,0.2335265196253467,0.2826654214848793,0.2303403191693905,0.0123989218328841,0.0750293083235638,0.3650234741784037,0.3736327385328254,0.2386628944983107,0.0273848435740379,0.088815469828005,False,False,False,False,False,False,False,True,False,0.7742190642431778
QCOM,2024-09-29,2024Q2,188041570219.5996,37349000000.0,10628000000.0,8712000000.0,12567000000.0,0.5589440145653164,0.2382660847679991,0.2845591582103938,0.2332592572759645,0.1114660986865458,0.1463308727746417,0.1808097615085968,0.3716010151634711,0.2336340999759029,0.0288628878952582,0.1283402333458788,False,False,False,False,False,False,False,True,False,0.563787085839382
QCOM,2024-12-29,2024Q3,170540978889.32812,38962000000.0,11777000000.0,10142000000.0,11161000000.0,0.5621374672758072,0.2584826240952723,0.3022688773676916,0.2603049124788255,0.1868844861545591,0.6137820512820513,0.9597315436241612,0.4119791613774614,0.2282480365484318,0.0267183409475899,1.242591491890974,False,False,False,False,False,False,False,True,False,0.47336742177235525
QCOM,2025-03-30,2024Q4,164433979583.74023,40696000000.0,12403000000.0,10555000000.0,12736000000.0,0.559932180066837,0.2628759583251425,0.3047719677609593,0.2593620994692353,0.17453447408153,0.1860326894502229,0.1492591254065776,0.4127359643377357,0.2218154118340869,0.0271279732651857,0.1100540191889059,False,False,False,False,False,False,False,True,False,0.4387636084250534
QCOM,2025-06-29,2025Q1,170483616485.5957,42286000000.0,13169000000.0,11041000000.0,11706000000.0,0.5568273187343329,0.2714373551530057,0.3114269498179066,0.2611029655205032,0.1693290734824282,0.2784442021083242,0.2089423903697334,0.4184098832802789,0.2130019391760866,0.026817386369011,0.1036525172754195,False,False,False,False,False,False,False,True,False,0.4730503315838807
QCOM,2025-09-28,2025Q2,179815771484.375,43257000000.0,13689000000.0,11578000000.0,11622000000.0,0.5568116143051992,0.2778509836558245,0.316457451973091,0.2676561019025822,0.1033748536143936,0.196969696969697,0.2522310944105213,0.4284538028142953,0.2074577525024851,0.0240654691726194,0.0,False,False,False,False,False,False,False,True,False,0.5227919331002816
QCOM,2025-12-28,2025Q3,186727012130.7373,44284000000.0,13957000000.0,5541000000.0,12820000000.0,0.5542859723602204,0.2789946707614488,0.315170264655406,0.1251241983560654,0.100253807106599,0.0887123469049984,-2.067465753424657,0.2151364258466556,0.2041820973715111,0.026917170987264,1.0611879343698505,False,False,False,False,False,False,False,True,False,0.5574025219220121
QCOM,2026-03-29,2025Q4,135259634883.9478,44867000000.0,13725000000.0,5365000000.0,12926000000.0,0.5510063075311477,0.2711569750596206,0.3059041166113179,0.1195756346535315,0.0499614362841718,-0.058130794287146,-0.0553459119496855,0.2162957587485889,0.2064992087725945,0.0326297724385405,0.5577049180327869,False,False,False,False,False,False,False,True,False,0.2452288831204802
TXN,2022-03-31,2022Q1,149721039658.25,,,,,,,,,,,,,,,,False,False,False,False,False,False,False,False,True,0.3476339013528809
TXN,2022-06-30,2022Q2,126038916818.83594,18960000000.0,10455000000.0,8217000000.0,6453000000.0,0.6867616033755274,0.5054852320675105,0.5514240506329114,0.433386075949367,0.143623222196316,0.2762124711316398,0.2555618938961779,0.6488727445019149,0.0822257383966244,0.1369725738396624,0.7405069344811095,False,False,False,False,False,False,False,False,True,0.17173629650521288
TXN,2022-09-30,2022Q3,125910150064.10352,19592000000.0,10960000000.0,8577000000.0,5889000000.0,0.6925786035116374,0.5152102899142507,0.5594120048999591,0.4377807268272764,0.1379912663755458,0.2065439672801636,0.1864319005696531,0.6401582296195398,0.0807472437729685,0.143323805634953,0.660948905109489,False,False,False,False,False,False,False,False,True,0.17065810823371433
TXN,2022-12-31,2022Q4,137042059585.53612,20190000000.0,11343000000.0,8925000000.0,5923000000.0,0.6950965824665676,0.5184249628528975,0.561812778603269,0.4420505200594353,0.128796037045014,0.1505503144654087,0.1787365177195685,0.6380811095819406,0.0804853888063397,0.154135710747895,0.6997267036939081,False,False,False,False,False,False,False,False,True,0.25864527667308534
TXN,2023-03-31,2023Q1,156484037077.0918,20028000000.0,11065000000.0,8749000000.0,5923000000.0,0.6875873776712602,0.5062911923307369,0.5524765328540044,0.4368384262033153,-0.0335264900662252,-0.1028486866444691,-0.0823199251637043,0.6118930638364835,0.0833832634311963,0.1396544837227881,0.789426118391324,False,False,False,False,False,False,False,False,True,0.3909816306388202
TXN,2023-06-30,2023Q2,149669759549.91797,19502000000.0,10501000000.0,8256000000.0,4400000000.0,0.6764434416982874,0.4876935698902677,0.5384575940929135,0.4233411957747923,-0.1072375127420999,-0.2041259500542888,-0.2239890958655156,0.5652955374107739,0.0889139575428161,0.1710593785252794,0.9642891153223504,False,False,False,False,False,False,False,False,True,0.3472950044181529
TXN,2023-09-30,2023Q3,133176541618.47852,18821000000.0,9808000000.0,7687000000.0,3182000000.0,0.6629297061792678,0.4654375431698634,0.5211200255034271,0.4084267573455183,-0.1306600153491941,-0.2349152542372881,-0.2483631601920558,0.5101962931620954,0.0954784549173795,0.2223580043568354,1.1438621533442088,False,False,False,False,False,False,False,False,True,0.2292386641741695
TXN,2023-12-31,2023Q4,144112797505.03125,18112000000.0,9076000000.0,7101000000.0,1648000000.0,0.6446002650176679,0.4402606007067138,0.5011042402826855,0.3920605123674912,-0.1352795268078611,-0.2500854116843184,-0.2553376906318083,0.4552579698995047,0.1014244699646643,0.2699867491166077,1.2364477743499338,False,False,False,False,False,False,False,False,True,0.3095981585201819
TXN,2024-03-31,2024Q1,148748094968.62793,17519000000.0,8506000000.0,6510000000.0,1349000000.0,0.628974256521491,0.4184599577601461,0.4855299960043381,0.3715965523146298,-0.1269807280513918,-0.2350515463917526,-0.3012232415902141,0.4024045370957024,0.1063416861693019,0.2894571607968491,1.3194215847636963,False,False,False,False,False,False,False,False,True,0.3411766747574342
TXN,2024-06-30,2024Q2,167373668607.36914,16801000000.0,7939000000.0,5907000000.0,940000000.0,0.6101422534372954,0.3977739420272603,0.4725313969406583,0.3515862151062436,-0.16396437542818,-0.2578444747612551,-0.3530444964871194,0.355570269822877,0.1122552229033986,0.3176596631152907,1.7872528026199774,False,False,False,False,False,False,False,False,True,0.4556367931786999
TXN,2024-09-30,2024Q3,179513766746.37793,16092000000.0,7293000000.0,5312000000.0,1494000000.0,0.5935868754660701,0.370308227690778,0.4532065622669649,0.3301019139945314,-0.1564775987640697,-0.2862206468763846,-0.3455284552845529,0.3137393872277593,0.1185060899826,0.3079169773800646,1.9047031399972576,False,False,False,False,False,False,False,False,True,0.5212380335351481
TXN,2024-12-31,2024Q4,163764530765.08008,15711000000.0,7035000000.0,4965000000.0,1468000000.0,0.586277130672777,0.3577748074597416,0.4477754439564636,0.3160206224937941,-0.0840688437775816,-0.1175398633257402,-0.2030427150380339,0.2905122729001492,0.1227165680096747,0.3039908344472026,1.9748400852878465,False,False,False,False,False,False,False,False,True,0.4348631953027438
TXN,2025-03-31,2025Q1,157705650425.59277,15641000000.0,6973000000.0,4799000000.0,1498000000.0,0.5814206252797136,0.349402212134774,0.4458154849434179,0.3068218144619909,-0.0171694873681628,-0.0334231805929918,-0.1210795040116703,0.280774631406506,0.1252477463077808,0.3081644396138354,1.94980639609924,False,False,False,False,False,False,False,False,True,0.3985380337002647
TXN,2025-06-30,2025Q2,183470866426.7578,16049000000.0,7089000000.0,4873000000.0,1455000000.0,0.5802230668577482,0.3428874073150975,0.4417097638482148,0.3036326250856751,0.1114449603933351,0.0710784313725489,0.0669683257918551,0.287530793173135,0.1244937379275967,0.2925415913764097,1.812385385809,False,False,False,False,False,False,False,False,True,0.5413190245382017
TXN,2025-09-30,2025Q3,164831826306.682,16675000000.0,7501000000.0,5041000000.0,1503000000.0,0.5802698650674663,0.3489055472263868,0.4498350824587706,0.3023088455772114,0.1637885923600208,0.2557417752948479,0.1490683229813665,0.3010450880859958,0.1215592203898051,0.2960119940029985,1.87215037994934,False,False,False,False,False,False,False,False,True,0.4410712816480268
TXN,2025-12-31,2025Q4,155911170530.7669,17266000000.0,7724000000.0,5043000000.0,2080000000.0,0.5748291439823932,0.3432758021545233,0.4473531796594463,0.2920769141665701,0.1423753312454829,0.1151264842540009,0.0014684287812041,0.3040745262967485,0.1189042047955519,0.2789876056990617,1.818487830139824,False,False,False,False,False,False,False,False,True,0.38741018441875885
TXN,2026-03-31,2026Q1,175863789441.5177,17682000000.0,7941000000.0,5001000000.0,2603000000.0,0.5702409229725144,0.3406288881348264,0.4491007804546997,0.2828299966067187,0.1038183179435987,0.1210262130507529,-0.0348547717842323,0.3044331826690408,0.1178034159031783,0.2573238321456849,1.769046719556731,False,False,False,False,False,False,False,False,True,0.5021697336878397
